DB;TARGET_ARTICLES_FOUND;COVERAGE_PCT
SCHOLA;47;34.81481481481482
SEMAN1;42;31.11111111111111
IEEE_X;29;21.48148148148148
SCOPUS;21;15.555555555555555
SC_DIR;7;5.185185185185185
SPRING;7;5.185185185185185
TAYFRA;4;2.962962962962963
WILEYL;1;0.7407407407407407
