DB;TITLES_INDEXED;COVERAGE_PCT
SCHOLA;45;32.37410071942446
IEEE_X;28;20.14388489208633
SCOPUS;19;13.66906474820144
SEMAN5;10;7.194244604316546
SEMAN6;8;5.755395683453237
SC_DIR;7;5.0359712230215825
SPRING;5;3.597122302158273
SEMAN7;4;2.8776978417266186
TAYFRA;4;2.8776978417266186
SEMAN1;3;2.158273381294964
SEMAN2;3;2.158273381294964
SEMAN4;1;0.7194244604316546
SEMAN8;1;0.7194244604316546
WILEYL;1;0.7194244604316546
